#{"t_start": 1588729871.6657398, "env_id": null}
r,l,t
3,12,11.840211
33,133,13.029701
2,29,13.277474
1,38,13.601968
3,12,13.707683
2,13,13.8189
5,23,14.013566
0,9,14.095394
2,13,14.203239
30,189,15.812691
0,5,15.859787
0,5,15.907101
1,7,15.973212
3,18,16.127871
3,14,16.244658
38,186,17.745026
5,31,18.064662
3,19,18.258234
1,31,18.589578
1,5,18.639546
29,159,20.238005
0,7,20.31156
1,9,20.399995
1,7,20.479418
0,44,22.5054
9,35,24.610739
1,8,25.113826
3,23,26.571379
0,13,27.384005
22,271,43.80911
1,14,44.611724
8,100,50.628985
5,90,56.064786
1,6,56.467942
14,70,60.69953
25,352,82.278144
2,14,83.125018
12,54,86.412079
3,6,86.749052
1,38,88.998895
4,15,89.936392
1,13,90.804792
2,11,91.492485
9,72,95.858429
1,3,96.04488
3,13,96.829683
43,546,130.488022
0,9,131.045037
19,108,137.556717
0,14,138.502037
3,62,142.201144
29,197,154.362613
1,62,158.28036
0,11,158.930641
0,7,159.351023
7,39,161.795124
2,6,162.168847
8,123,170.040097
8,36,172.395875
3,5,172.726303
28,276,189.781416
3,28,191.550146
0,24,193.039718
40,297,211.318429
1,6,211.697467
2,9,212.261721
1,12,212.98592
12,82,217.9741
1,3,218.187599
1,23,219.624381
3,23,221.083364
37,294,239.840571
4,35,241.996905
5,75,246.56286
108,324,266.465571
1,50,269.596594
20,434,296.446392
1,9,296.996008
3,177,308.026235
3,133,316.069468
3,19,317.183112
11,34,319.217919
2,4,319.443114
1,32,321.423473
3,34,323.442368
9,15,324.35714
16,112,331.054761
4,29,332.887036
64,527,365.142658
0,39,367.447674
17,245,381.978868
0,5,382.289559
11,104,388.448033
1,11,389.10295
0,10,389.68644
0,22,390.999487
0,7,391.413727
0,37,393.610117
1,9,394.141518
3,19,395.282805
2,5,395.581734
41,457,423.028841
0,7,423.461547
0,11,424.115868
32,139,432.409034
1,9,432.952761
0,26,434.475974
5,40,436.831096
3,9,437.360715
8,14,438.168758
44,266,454.136068
3,9,454.672583
2,12,455.40535
10,39,457.692451
0,12,458.43022
0,9,458.953558
5,23,460.32952
1,10,460.950063
3,9,461.483767
8,29,463.214173
4,16,464.174446
6,22,465.477952
2,9,466.000801
6,21,467.226124
3,26,468.75084
2,74,473.323754
4,9,473.873551
1,25,475.388655
2,55,478.79406
2,18,480.008873
2,13,480.786287
11,79,485.708316
30,197,498.044361
5,26,499.712576
18,112,506.482374
2,5,506.777305
9,46,509.699543
3,7,510.156276
4,21,511.569702
0,10,512.216394
1,8,512.746672
11,174,523.628776
1,22,524.998289
4,26,526.579136
4,32,528.429862
4,26,529.999171
4,24,531.441636
55,259,547.556884
1,9,548.120652
23,85,553.32428
47,243,567.849677
9,88,572.974869
0,11,573.626473
91,1013,634.333981
1,14,635.172288
5,15,636.045492
38,454,663.256472
1,10,663.839899
2,27,665.485986
8,34,667.653929
12,122,675.472236
7,46,678.247796
0,10,678.830101
23,104,685.397357
5,27,687.051667
1,9,687.65934
5,15,688.58937
2,8,689.121702
34,168,699.479773
5,13,700.315219
2,22,701.671445
1,17,702.675981
22,170,712.838624
2,7,713.252621
0,12,713.973144
3,11,714.640202
0,15,715.563574
0,9,716.096422
0,10,716.735753
7,44,719.384804
1,14,720.232167
9,27,721.904923
3,10,722.533036
5,18,723.600538
10,17,724.649306
0,11,725.302909
3,5,725.599695
9,61,729.273525
1,14,730.138679
0,16,731.214023
9,113,738.149493
2,7,738.555635
7,81,743.542784
1,31,745.386476
12,40,747.824554
1,5,748.117416
1,7,748.523946
4,21,749.795013
3,10,750.377425
1,10,750.985215
2,9,751.521394
12,102,757.897626
7,13,758.699579
113,1497,850.440821
15,75,855.040951
10,25,856.671755
8,12,857.492651
4,37,859.890205
1,19,861.081851
1,26,862.825747
0,8,863.357936
4,12,864.121538
3,6,864.532135
1,16,865.556503
35,283,883.197393
22,167,893.311403
9,25,894.810501
8,27,896.45616
34,381,919.977757
4,11,920.659534
2,8,921.151435
7,14,922.020058
0,13,922.802628
2,9,923.376346
31,272,940.414145
1,8,940.912949
6,27,942.579143
1,42,945.15637
1,5,945.476538
51,445,972.69827
4,24,974.197692
1,10,974.821121
12,39,977.287055
45,352,998.934594
76,501,1029.835413
87,1018,1092.343428
11,56,1095.760799
1,5,1096.098636
0,15,1097.022383
2,11,1097.716203
2,29,1099.489769
1,6,1099.876438
48,543,1133.16724
11,68,1137.314744
8,50,1140.359421
3,8,1140.84609
67,709,1184.156289
8,41,1186.851965
4,24,1188.37387
1,24,1189.853514
54,340,1210.876454
2,8,1211.361828
2,12,1212.078518
45,384,1235.605747
43,276,1252.793082
6,33,1254.721172
0,27,1256.427296
2,15,1257.401837
1,10,1258.055504
8,51,1261.109427
0,19,1262.287432
1,10,1262.879859
42,185,1273.919618
0,15,1274.787712
2,8,1275.299905
4,16,1276.266785
5,23,1277.730406
23,83,1282.961779
17,157,1292.559556
4,40,1295.013989
42,374,1318.110869
64,452,1345.41064
0,8,1345.878554
7,29,1347.680903
23,120,1355.047874
6,29,1356.761422
1,10,1357.351707
5,45,1360.071657
25,141,1368.557054
9,106,1375.022733
41,257,1390.428857
8,25,1392.101295
37,279,1409.247333
0,6,1409.626908
4,62,1413.350452
7,14,1414.212352
28,462,1441.849087
1,38,1444.121883
1,7,1444.556863
6,15,1445.494286
3,20,1446.684795
7,18,1447.773684
0,52,1451.020678
3,73,1455.596246
2,19,1456.751082
10,53,1459.956273
4,31,1461.820968
1,21,1463.072674
3,10,1463.668686
70,407,1487.867865
1,7,1488.292419
0,12,1489.005602
2,9,1489.585093
2,6,1489.948146
1,14,1490.742878
9,368,1513.01561
5,37,1515.170636
14,89,1520.388633
4,29,1522.149691
8,34,1524.176346
1,15,1525.092011
5,33,1527.066973
1,10,1527.657037
1,8,1528.127889
0,30,1530.005333
23,71,1534.334217
1,11,1535.063339
1,11,1535.76152
1,15,1536.719338
4,12,1537.420429
30,299,1555.637447
3,12,1556.35121
26,94,1562.148938
6,28,1563.826032
2,78,1568.756775
5,35,1570.871976
1,11,1571.552311
2,88,1577.109641
7,32,1579.096305
5,58,1582.608962
0,9,1583.161861
27,185,1594.641495
1,9,1595.189317
44,375,1618.241958
4,33,1620.266673
1,11,1620.942919
2,9,1621.506708
71,539,1655.095371
1,10,1655.738831
4,13,1656.541671
1,11,1657.211716
73,927,1714.068392
9,79,1718.986511
4,10,1719.600483
7,14,1720.419963
8,30,1722.297107
1,9,1722.863029
60,417,1748.278651
70,418,1773.625102
4,15,1774.58692
4,44,1777.272149
37,251,1792.898751
38,413,1818.056799
2,10,1818.652809
8,28,1820.402127
64,393,1844.641865
80,542,1877.700969
4,17,1878.763615
4,52,1881.856431
98,647,1922.059164
61,498,1952.512628
3,8,1952.989828
6,18,1954.109035
57,544,1987.675882
2,8,1988.190563
9,32,1990.156137
10,142,1998.735687
52,204,2011.088464
79,409,2036.27003
1,5,2036.589356
72,65,2040.525186
4,70,2044.806151
41,390,2069.37322
7,21,2070.676605
35,232,2085.166907
25,136,2093.539681
5,15,2094.463623
45,181,2105.71102
2,16,2106.708457
0,39,2109.114557
79,663,2149.645371
36,160,2159.473757
10,69,2163.812473
30,130,2171.833082
8,18,2172.904419
63,485,2202.83998
11,32,2204.772858
1,12,2205.485839
48,172,2215.866034
4,13,2216.659749
75,309,2235.392239
1,13,2236.228356
6,26,2237.820753
1,9,2238.340039
71,197,2250.265065
64,275,2266.671523
9,16,2267.670175
6,30,2269.459113
16,125,2277.122912
73,391,2300.615054
1,5,2300.90966
0,22,2302.307988
53,253,2317.324942
2,14,2318.153696
7,52,2321.344393
5,11,2322.044214
1,12,2322.78445
32,176,2333.860972
3,17,2334.947937
0,10,2335.544574
1,14,2336.413881
38,276,2354.087335
1,17,2355.101497
8,15,2356.008562
2,9,2356.548273
4,10,2357.156101
10,50,2360.080281
2,15,2360.93439
2,7,2361.35216
3,9,2361.898762
2,14,2362.794073
47,138,2371.184366
93,723,2414.129241
78,1103,2482.123045
8,63,2486.006038
2,7,2486.467099
33,337,2507.222326
29,133,2515.469706
0,10,2516.099475
5,33,2518.077445
1,9,2518.597912
2,7,2519.017751
2,22,2520.347373
0,11,2521.019862
10,43,2523.761881
3,28,2525.627998
60,500,2556.621091
81,539,2590.123449
48,325,2610.13998
51,141,2618.792057
2,12,2619.495814
24,135,2627.509935
17,94,2633.079204
60,227,2646.508918
60,174,2656.980721
65,268,2672.943082
4,20,2674.16567
44,428,2700.354957
1,12,2701.064996
1,10,2701.672408
3,8,2702.159637
3,11,2702.816437
5,49,2705.820987
1,11,2706.50644
4,10,2707.119862
4,18,2708.222615
5,11,2708.917089
59,716,2752.220237
5,15,2753.139437
5,12,2753.887895
43,299,2771.896281
88,485,2801.88168
0,14,2802.763408
5,17,2803.835952
62,645,2843.655784
5,8,2844.163461
60,530,2877.556559
43,83,2882.692243
4,9,2883.214718
8,24,2884.738666
2,6,2885.119411
45,292,2903.088957
0,12,2903.820793
44,99,2909.848546
62,336,2930.434291
19,108,2937.008543
8,13,2937.85971
5,33,2939.865212
29,115,2946.682238
56,281,2964.065344
92,816,3014.42486
41,78,3019.368152
0,9,3019.905503
62,394,3044.066729
10,19,3045.257945
2,15,3046.220244
1,11,3046.893103
54,119,3054.228251
105,549,3087.587965
64,252,3102.988685
61,234,3117.316966
66,393,3141.290072
50,144,3149.944757
68,226,3164.153865
34,113,3171.228713
124,831,3222.863978
50,177,3234.102125
25,374,3257.069876
52,585,3293.020114
9,41,3295.549729
60,233,3309.710331
3,16,3310.730072
50,226,3324.773729
1,7,3325.213448
4,8,3325.746274
5,19,3326.926302
3,16,3327.922165
53,117,3335.052165
38,99,3341.163449
5,57,3344.658823
1,12,3345.411716
23,87,3350.849018
9,58,3354.424656
0,11,3355.075085
38,164,3365.671468
9,76,3370.541252
57,505,3401.476452
15,160,3411.301799
10,34,3413.372349
63,300,3431.579189
1,20,3432.751069
47,229,3446.862557
26,102,3453.075621
73,182,3463.938548
0,8,3464.409319
18,64,3468.28282
46,93,3473.814931
41,154,3482.93606
10,58,3486.412514
2,9,3486.964019
4,9,3487.579312
72,401,3512.467833
34,104,3518.870308
44,103,3525.126948
11,42,3527.643178
3,20,3528.857935
68,298,3546.914305
5,13,3547.698527
4,26,3549.251473
8,11,3549.930838
34,143,3558.781262
8,25,3560.294708
54,167,3570.442563
7,22,3571.82733
41,276,3588.80602
8,16,3589.737578
56,352,3611.2413
34,151,3620.428549
3,8,3620.908927
5,17,3621.905033
9,40,3624.340375
55,158,3634.001222
3,16,3635.030472
47,174,3645.919588
9,27,3647.635469
53,177,3658.611302
5,22,3660.007248
60,155,3669.509528
71,230,3683.565826
9,21,3684.788519
12,47,3687.706024
4,13,3688.532998
10,29,3690.236984
2,25,3691.799464
82,395,3716.251374
5,10,3716.873049
8,25,3718.373753
5,22,3719.710655
4,10,3720.338776
1,11,3720.985773
56,134,3729.271572
55,124,3736.947057
57,147,3745.784667
12,70,3750.104717
5,25,3751.637848
51,124,3759.169004
47,75,3763.740526
6,21,3765.111333
12,43,3767.878952
4,20,3769.207233
55,170,3780.023203
5,10,3780.69534
7,17,3781.718155
5,53,3784.942755
95,1229,3858.868654
8,37,3861.038063
5,25,3862.543134
4,11,3863.178356
8,14,3864.08478
8,29,3865.824315
9,122,3873.076428
11,146,3881.946888
101,639,3920.717501
4,7,3921.135503
13,52,3924.413467
6,30,3926.217561
58,245,3940.876302
7,24,3942.347015
51,171,3952.680694
6,13,3953.456116
5,13,3954.234848
7,30,3956.035157
4,15,3956.991553
5,35,3959.083015
6,22,3960.379065
42,153,3969.663288
5,77,3974.436629
86,316,3993.625158
4,31,3995.484378
72,194,4007.281505
4,37,4009.511693
9,15,4010.442188
74,298,4028.838068
73,196,4040.8551
12,55,4044.174049
5,32,4046.046379
75,281,4062.896438
8,64,4066.759198
5,262,4082.536797
10,47,4085.335412
60,268,4101.33286
3,20,4102.490567
52,243,4117.051421
60,391,4140.725669
55,238,4155.812093
54,130,4163.802442
10,86,4168.837909
44,135,4176.990697
1,36,4179.127264
73,362,4201.307938
9,14,4202.186395
11,25,4203.74309
4,12,4204.501766
61,296,4222.872387
50,221,4236.365872
8,54,4239.68973
80,353,4261.0418
7,53,4264.344877
58,253,4279.919222
1,12,4280.656979
51,171,4291.176671
4,28,4292.950835
55,260,4308.96476
10,63,4313.049816
60,387,4336.753015
10,21,4338.077762
53,170,4348.704314
55,281,4366.22456
65,319,4386.228788
9,37,4388.48016
88,431,4414.685882
5,12,4415.371989
75,319,4435.074094
5,12,4435.877683
67,434,4462.631166
50,288,4480.191912
82,117,4487.223958
43,89,4492.849419
42,263,4508.825081
65,940,4567.448434
8,15,4568.400486
61,171,4578.569785
7,23,4579.971174
9,18,4581.024466
53,212,4593.871027
84,126,4601.315982
4,12,4602.036037
76,477,4630.963454
32,164,4641.093088
32,90,4646.615562
33,106,4653.144353
36,130,4661.324392
44,170,4671.673775
89,797,4720.5474
68,293,4738.444078
87,902,4793.085588
23,110,4799.929345
33,147,4809.005445
32,285,4827.041278
41,158,4836.803383
43,150,4845.872372
24,120,4853.022843
28,108,4859.529603
27,231,4873.276927
51,323,4893.0261
29,306,4911.388829
28,544,4944.086042
6,8,4944.586697
99,150,4953.70106
2,8,4954.193958
31,474,4982.378746
24,91,4987.82517
80,491,5018.259406
30,151,5027.486309
101,255,5043.21533
25,358,5064.855423
1,16,5065.876224
9,17,5066.902798
6,42,5069.475785
10,50,5072.592853
78,228,5086.484212
32,188,5097.95392
91,695,5140.479704
32,358,5162.478201
44,399,5187.076565
78,502,5217.68848
32,395,5242.035861
77,307,5260.735354
80,330,5280.797132
35,668,5321.896402
24,158,5331.768816
83,145,5340.58475
29,209,5353.189771
59,305,5371.895714
31,294,5390.507484
29,475,5420.215758
5,21,5421.539632
85,283,5439.291212
2,11,5439.958069
81,249,5455.291069
24,205,5467.641186
7,31,5469.529013
38,159,5479.300002
116,226,5493.118509
162,944,5551.183678
10,49,5554.132742
84,157,5563.620434
10,26,5565.167947
9,52,5568.271083
36,177,5578.723469
9,26,5580.359939
89,277,5597.323375
4,33,5599.409528
9,40,5601.822566
72,72,5606.189143
7,53,5609.335817
36,212,5622.059073
53,164,5632.109936
72,37,5634.472865
120,499,5665.330941
93,63,5669.144351
6,8,5669.65494
46,155,5679.225345
3,8,5679.703528
136,446,5706.814508
88,190,5718.478126
4,7,5718.90756
75,239,5733.670463
73,243,5748.750255
43,161,5758.656585
75,252,5774.491897
139,473,5804.022348
73,133,5812.344686
116,227,5826.373309
10,211,5839.09761
5,27,5840.713024
100,178,5851.592012
7,12,5852.361983
80,83,5857.585452
10,34,5859.850635
4,10,5860.492325
90,78,5865.788197
6,14,5866.68592
137,436,5893.489208
7,14,5894.358272
75,83,5899.377154
129,723,5944.488205
95,81,5949.673644
108,136,5958.517799
105,165,5968.582059
123,254,5983.974532
86,426,6010.343983
96,145,6018.885409
71,112,6025.50899
97,328,6045.036666
130,201,6057.246761
12,461,6085.834273
122,235,6144.984554
84,52,6148.162717
80,193,6159.649201
104,206,6170.404416
74,157,6177.325142
80,128,6183.12956
70,566,6208.073495
1,9,6208.478439
79,115,6213.71442
114,269,6226.552067
42,174,6236.233446
82,82,6241.270783
8,14,6242.118588
81,383,6265.423159
7,14,6266.264228
178,372,6289.114672
109,210,6302.05762
32,359,6323.993115
79,76,6328.630026
109,287,6346.166948
117,323,6365.992016
7,22,6367.353308
98,184,6378.729623
47,399,6403.861885
82,324,6423.60799
103,152,6433.186304
134,320,6452.539303
85,311,6471.979294
94,73,6476.523338
36,448,6503.725607
32,204,6515.898993
5,95,6521.613846
6,33,6523.593575
44,466,6551.633352
79,151,6560.945251
1,29,6562.703755
0,71,6566.955783
109,393,6590.724588
107,170,6601.268524
115,449,6628.969411
108,741,6674.568156
11,18,6675.692443
34,163,6685.792797
108,243,6700.795892
25,106,6707.42753
68,342,6728.584249
111,224,6742.497818
43,401,6767.080458
94,464,6795.631899
87,115,6802.735291
25,220,6816.213593
104,762,6863.487967
77,555,6897.862247
85,363,6920.878125
4,11,6921.615805
109,267,6937.871121
103,209,6950.843022
135,338,6971.650692
74,95,6977.519549
138,231,6991.684857
93,407,7017.251174
84,100,7023.591465
93,64,7027.583143
71,205,7040.675939
7,23,7042.146303
74,121,7050.023761
115,211,7063.052664
95,112,7069.880786
1,13,7070.671907
85,63,7074.442912
114,455,7102.608223
92,73,7107.089513
92,279,7124.189931
117,251,7139.657743
128,378,7163.78886
111,194,7175.68678
99,135,7184.075503
113,377,7207.879195
3,31,7209.778233
6,26,7211.440433
93,190,7223.049664
13,257,7238.841453
49,311,7257.994281
83,74,7262.417121
87,155,7271.773708
133,1003,7332.451063
32,58,7335.958949
131,886,7391.015328
9,79,7396.14812
101,309,7415.453278
98,279,7433.007407
79,70,7437.187471
5,79,7442.075463
107,124,7449.817808
92,283,7467.240033
116,762,7514.175739
80,455,7542.150008
104,495,7572.856566
87,594,7609.411433
98,158,7619.31801
38,166,7629.747098
98,268,7646.14955
106,394,7670.456227
90,92,7676.091872
90,138,7684.524908
13,178,7696.085361
119,207,7709.557519
89,168,7719.810646
26,472,7748.695768
102,228,7763.023762
93,102,7769.699682
93,149,7778.568885
91,70,7782.793912
83,90,7788.1831
35,670,7828.860882
91,155,7838.424601
78,59,7842.024737
80,61,7845.839857
90,233,7860.855892
103,328,7880.909703
104,184,7892.01803
93,162,7902.059093
81,69,7906.237833
89,68,7910.460694
7,15,7911.387989
94,227,7925.410711
43,321,7945.961959
87,46,7948.96207
73,51,7952.202293
10,17,7953.272325
192,482,7983.204428
108,603,8020.503049
108,178,8031.73863
83,78,8036.775533
95,269,8053.604089
13,57,8057.178104
73,468,8086.729812
100,77,8091.353144
2,10,8091.963559
1,15,8092.851094
88,133,8100.881295
94,171,8111.42328
89,69,8115.591353
86,46,8118.411037
1,13,8119.168556
94,76,8123.757267
90,214,8136.300247
82,64,8140.243775
93,82,8145.498859
92,226,8159.482533
114,896,8214.567625
39,170,8224.991227
100,436,8252.129924
91,281,8269.326849
91,203,8281.705958
1,13,8282.46431
91,86,8287.698886
1,12,8288.408302
1,7,8288.792497
103,223,8302.443763
90,262,8318.553175
24,97,8324.58487
25,103,8331.084194
91,81,8336.070319
131,400,8360.267625
95,114,8367.252905
74,40,8369.78684
92,120,8377.00698
116,105,8383.681449
89,106,8390.13167
3,10,8390.7275
25,69,8395.092818
129,166,8405.040634
95,118,8412.471951
69,499,8443.132186
116,211,8456.538052
64,942,8514.135912
117,182,8525.488424
117,192,8537.972102
139,657,8578.433445
8,14,8579.271863
4,8,8579.776217
8,15,8580.717196
2,13,8581.533188
112,118,8588.627696
135,625,8626.980286
125,284,8644.524129
86,55,8647.908081
126,481,8677.742708
120,122,8685.302128
162,1916,8804.113085
1,9,8804.757206
31,81,8810.011579
27,120,8817.214992
125,380,8840.703971
84,410,8865.707366
9,85,8870.830189
110,616,8908.66035
132,614,8946.311798
6,26,8947.953818
121,176,8958.860748
7,12,8959.569491
126,513,8991.335715
135,403,9015.834399
122,429,9042.101087
96,77,9046.849682
116,107,9053.317207
93,47,9056.128554
34,117,9063.327952
122,190,9075.016138
149,609,9111.463184
102,219,9124.017586
138,242,9138.744749
133,261,9154.834207
125,126,9162.534724
118,120,9169.707958
108,295,9187.971044
141,497,9218.306686
89,88,9223.764736
136,347,9245.103206
121,124,9252.528203
123,146,9261.371548
137,275,9278.050258
43,76,9282.643371
131,149,9291.712167
117,113,9298.583444
135,614,9336.379391
50,195,9348.312889
117,269,9364.771702
93,169,9375.533151
134,137,9384.334843
139,217,9397.397429
135,380,9420.438593
161,1403,9506.089215
131,204,9518.504961
43,84,9523.701241
104,271,9540.504045
137,213,9553.511362
149,1202,9627.291619
135,311,9646.209026
3,10,9646.810758
161,1629,9746.815375
124,372,9769.65313
3,16,9770.648341
76,53,9773.835799
120,197,9785.940401
136,240,9800.622983
93,82,9805.695773
91,66,9809.752984
162,771,9857.768749
129,133,9866.005483
71,262,9882.404035
78,49,9885.382904
122,244,9900.6255
118,121,9908.150417
115,169,9918.256329
16,137,9926.879919
1,14,9927.790036
144,400,9953.002984
113,104,9959.550122
135,233,9973.860495
135,524,10006.049206
102,356,10028.101989
91,74,10032.686368
131,324,10052.86444
190,406,10077.499995
144,292,10095.811713
90,92,10101.541291
140,234,10116.368885
141,179,10127.169187
118,232,10141.376694
115,92,10146.943096
137,393,10170.838675
127,113,10178.314817
3,10,10178.975314
3,19,10180.21594
91,45,10183.138565
126,119,10190.400698
131,183,10201.246395
42,448,10228.606481
139,203,10241.088132
140,191,10252.560391
162,424,10278.594381
6,22,10279.985833
154,284,10298.240856
3,12,10298.951448
131,308,10317.827167
2,9,10318.357923
139,265,10334.167012
130,118,10341.358497
83,72,10345.692218
136,213,10359.289932
1,7,10359.752122
129,124,10367.307663
135,270,10384.039035
151,668,10424.933588
131,197,10437.100948
137,355,10459.3357
5,12,10460.044417
90,44,10462.746224
145,222,10476.604526
97,108,10483.16684
100,88,10488.604344
86,228,10502.561661
136,425,10528.571222
88,995,10589.599511
123,201,10601.95377
98,144,10610.746639
136,121,10618.17558
137,187,10629.900428
80,549,10663.929272
124,102,10670.486402
132,172,10680.903547
155,299,10699.14089
118,400,10724.304119
89,61,10728.050307
120,284,10745.90853
90,50,10749.045836
5,11,10749.729395
99,160,10759.542582
1,17,10760.612799
109,111,10767.394604
136,397,10791.697447
130,371,10815.034777
128,132,10823.157335
176,1126,10891.649076
129,147,10900.9441
149,766,10947.036979
136,235,10961.320294
84,41,10963.765898
127,312,10982.809938
92,68,10986.941329
131,231,11000.853135
115,197,11013.103131
144,634,11051.98385
5,13,11052.73843
141,303,11071.203065
135,130,11079.175696
191,708,11122.374403
4,9,11122.969347
130,124,11130.476044
141,534,11163.375979
78,74,11167.899905
110,130,11176.096068
136,172,11186.819682
136,231,11201.080018
129,169,11211.46122
130,124,11219.077175
138,445,11247.510599
26,180,11258.834743
130,334,11279.668939
83,38,11281.92972
129,143,11290.991095
129,153,11300.169085
130,274,11316.748683
95,82,11321.665148
86,45,11324.494064
135,280,11341.678703
3,12,11342.399806
136,325,11362.949869
128,145,11371.876206
156,797,11421.013148
24,69,11425.367563
130,518,11457.233218
75,499,11487.773103
93,85,11492.95567
129,950,11551.539327
6,11,11552.250446
88,761,11598.706903
131,163,11608.891558
2,6,11609.257655
78,279,11626.552179
86,43,11629.217571
140,484,11658.936681
126,441,11686.015835
137,273,11702.469178
121,135,11710.938231
127,282,11728.249312
80,287,11746.258718
137,323,11766.536373
137,219,11779.695851
134,175,11790.359537
132,395,11814.52613
130,185,11825.964025
129,194,11837.474382
7,15,11838.438725
91,40,11841.029147
138,214,11853.845409
9,26,11855.386423
132,127,11863.239167
132,249,11878.670494
126,113,11885.398316
123,115,11892.333686
138,325,11912.260797
173,774,11960.097151
165,643,11999.109791
8,17,12000.128082
96,104,12006.498234
142,596,12043.011543
137,177,12053.975889
2,11,12054.61593
131,131,12062.520162
96,53,12065.80445
136,527,12098.566765
129,125,12106.243861
90,44,12108.969133
5,22,12110.349162
132,126,12118.186353
82,229,12132.367555
136,206,12144.80327
134,145,12153.878992
149,271,12170.674626
167,432,12196.765966
132,124,12204.488688
144,482,12233.947233
131,127,12241.576845
124,94,12247.388523
1,18,12248.490015
142,461,12346.62055
130,123,12353.516349
107,149,12362.242555
91,51,12365.160079
12,21,12366.374043
140,615,12402.64789
134,199,12414.820088
84,72,12419.30283
137,209,12432.531261
131,194,12444.965384
132,230,12459.19548
92,57,12462.632188
9,16,12463.640957
134,284,12480.726536
125,434,12507.241766
139,220,12521.307583
7,10,12521.922159
133,259,12538.591212
82,42,12541.155751
79,84,12546.335216
144,368,12569.186161
2,7,12569.614923
92,80,12574.526927
201,405,12599.259356
141,263,12615.470189
100,92,12621.221509
6,14,12622.056805
107,155,12631.814449
95,59,12635.367145
140,719,12679.644166
110,245,12694.783177
132,792,12742.810627
2,11,12743.507146
96,62,12747.346057
128,149,12756.323262
94,69,12760.496679
138,155,12770.430362
135,523,12803.232463
121,223,12816.88447
78,74,12821.470974
104,128,12829.355375
2,11,12830.095417
5,12,12830.89129
83,71,12835.539817
102,87,12840.900356
136,177,12851.530462
144,231,12865.8349
89,121,12873.479104
115,140,12882.000727
116,278,12899.237056
141,250,12914.663162
135,382,12938.520804
136,203,12950.959461
2,9,12951.518484
129,331,12972.45668
129,155,12981.94132
132,152,12991.812732
9,16,12992.855678
133,212,13006.274154
2,9,13006.868613
7,12,13007.639027
168,332,13028.385526
124,97,13034.284673
101,156,13043.702449
44,680,13085.553309
100,106,13091.906035
93,60,13095.541473
120,263,13111.72921
8,26,13113.297858
145,198,13125.572998
91,51,13128.782974
81,41,13131.397212
147,244,13146.705202
82,48,13149.570585
35,228,13163.997828
145,353,13185.45206
7,16,13186.42086
84,36,13188.573662
138,429,13214.805475
121,359,13236.376166
128,432,13262.294888
79,37,13264.606046
132,190,13276.255516
8,15,13277.192703
117,142,13285.811209
145,182,13296.878756
143,191,13308.767353
91,62,13312.588397
146,439,13338.520972
6,13,13339.303792
145,308,13358.01227
93,99,13364.098317
139,269,13380.405226
56,248,13395.705867
147,521,13427.77231
140,414,13453.636567
128,156,13463.166668
91,48,13466.088011
132,121,13473.365855
97,174,13484.51249
14,52,13487.777971
138,150,13497.084945
118,137,13505.553266
132,137,13513.855567
127,121,13521.211179
89,46,13523.911649
135,114,13530.979265
124,111,13537.83507
5,9,13538.396879
12,56,13541.825354
11,17,13542.844563
138,279,13560.090005
10,15,13561.048823
98,51,13564.194646
139,162,13574.000577
113,205,13586.678719
91,51,13589.951219
132,220,13603.412174
10,13,13604.254405
1,3,13604.445884
1,11,13605.121361
9,16,13606.114321
92,55,13609.445212
139,202,13621.834401
2,15,13622.757812
138,326,13642.797331
148,266,13659.221878
138,229,13673.339375
90,96,13679.318262
139,227,13693.20717
145,207,13706.046337
102,287,13723.655662
132,354,13745.741819
141,1067,13811.656049
136,90,13817.055962
145,546,13850.17402
134,154,13859.587454
148,226,13873.425941
96,56,13876.832673
7,12,13877.565123
7,23,13878.9319
146,288,13896.460374
10,18,13897.556134
153,220,13910.973577
143,460,13938.692488
133,147,13947.641295
131,184,13958.87235
132,209,13972.098229
76,82,13977.14251
123,423,14003.991946
144,303,14022.955172
2,9,14023.49345
139,181,14034.321744
129,159,14044.244687
91,55,14047.556363
148,311,14066.232666
149,199,14078.677097
147,181,14089.61673
130,138,14098.058228
130,162,14108.007825
102,150,14117.182525
153,251,14132.49206
177,1090,14199.052194
85,245,14214.225819
129,320,14233.801445
84,52,14237.10427
141,105,14243.701098
95,550,14277.964475
135,158,14287.621788
142,209,14300.051147
3,12,14300.757884
131,112,14307.603412
165,711,14351.596588
3,10,14352.221416
135,167,14362.376664
8,65,14366.380351
76,42,14368.868263
144,184,14379.971771
134,249,14394.774962
137,148,14403.725535
144,364,14425.97871
148,385,14449.274744
136,172,14460.065004
136,141,14468.666409
162,474,14498.39263
134,271,14515.342444
131,276,14532.790691
138,271,14549.270404
131,508,14580.914658
147,831,14631.283946
124,141,14639.929928
130,318,14659.603946
149,198,14671.772001
135,145,14680.736362
147,522,14712.663402
51,303,14731.10539
76,180,14742.252849
137,160,14752.134039
159,1104,14819.952132
111,134,14828.19067
90,43,14830.903743
127,106,14837.440899
1,5,14837.735806
138,265,14854.055788
92,59,14857.539068
3,10,14858.145602
144,183,14869.371264
138,135,14877.730965
151,249,14893.068477
136,166,14903.288328
88,164,14913.56687
134,167,14923.691716
94,50,14926.665764
134,193,14938.851243
111,203,14951.356708
2,5,14951.678257
90,52,14955.231083
145,610,14993.070902
140,335,15013.753455
143,231,15028.536222
134,116,15035.707623
78,42,15038.288677
124,103,15044.647055
118,715,15088.463443
131,108,15095.000113
145,185,15106.32889
137,166,15116.672225
87,42,15119.433576
1,7,15119.910382
136,347,15141.061835
140,303,15159.315775
145,345,15180.331543
91,85,15185.423853
3,16,15186.416702
135,168,15196.829234
137,174,15207.295059
141,233,15221.690924
18,133,15229.900897
84,42,15232.466932
95,59,15236.083604
135,149,15245.33959
146,1081,15312.637809
139,230,15326.861912
139,321,15346.547395
5,12,15347.270132
136,230,15361.455594
152,633,15400.007792
9,25,15401.538065
9,15,15402.488865
80,39,15404.922355
115,164,15415.164079
135,1032,15479.462565
168,1044,15543.463012
85,109,15550.167114
7,12,15550.962944
115,354,15572.798454
142,236,15587.085162
123,481,15617.125187
136,245,15631.955139
93,50,15635.027847
140,253,15650.564094
136,115,15658.08119
151,1178,15731.02196
1,9,15731.588403
1,7,15732.052345
1,7,15732.48894
137,232,15746.817962
1,7,15747.246869
1,7,15747.709173
134,262,15764.055849
9,16,15765.061497
135,463,15794.923857
73,50,15797.89379
142,599,15834.969768
159,680,15876.933244
130,91,15882.613007
136,203,15895.340876
92,45,15898.151701
122,221,15911.83843
135,542,15945.461516
135,114,15952.245522
3,10,15952.848577
155,394,15977.100432
139,1307,16056.703495
6,9,16057.275999
23,47,16060.151233
148,387,16083.638422
145,247,16099.25456
91,100,16105.760459
135,218,16119.35632
171,1197,16193.134218
148,425,16219.303028
136,263,16235.821764
137,343,16257.338624
92,238,16272.272304
130,815,16322.423351
149,741,16367.502066
155,692,16409.602052
136,486,16438.933391
135,252,16454.336922
128,100,16460.354288
169,507,16491.987323
135,221,16505.351764
162,473,16533.763825
86,254,16548.993067
79,35,16551.109056
11,17,16552.100359
9,14,16552.914951
94,71,16557.120695
83,105,16563.49114
79,72,16567.817218
148,479,16596.951962
89,52,16600.059164
149,767,16647.276186
135,146,16656.089976
131,167,16666.396353
28,140,16675.073148
135,407,16700.296383
137,300,16718.662197
163,233,16732.025089
129,129,16738.720232
165,390,16759.087934
137,535,16787.106888
137,150,16795.168759
168,436,16817.863455
139,353,16836.212749
1,6,16836.512475
8,13,16837.16568
1,6,16837.478007
137,540,16868.542045
164,416,16894.055535
137,359,16915.944625
9,18,16917.085769
129,96,16923.041594
118,193,16934.948182
118,233,16949.550884
126,251,16965.285619
118,99,16971.502174
135,183,16982.907226
122,375,17006.833282
89,50,17009.952967
137,480,17039.513011
136,228,17053.953434
137,117,17061.32021
150,296,17080.331865
137,139,17089.22099
136,485,17118.540939
147,481,17147.864206
95,61,17151.657405
164,458,17179.984228
1,11,17180.689533
160,269,17197.305197
137,376,17220.606828
97,123,17228.370324
118,232,17242.823375
138,166,17253.072857
139,172,17263.683484
131,136,17271.979544
106,170,17282.345811
106,255,17297.926537
140,188,17309.681736
78,61,17313.446494
168,488,17344.445675
90,71,17348.705328
131,411,17373.694716
178,851,17424.864431
86,45,17427.642689
5,14,17428.548049
166,1119,17497.389585
140,287,17515.094566
156,558,17549.491835
134,124,17557.290694
97,102,17563.712659
134,180,17574.857418
146,290,17593.259529
136,187,17605.032675
139,200,17617.807297
165,567,17653.192562
141,498,17683.883124
133,122,17691.601719
122,116,17698.90446
1,7,17699.315435
164,336,17720.195754
79,89,17725.611765
174,347,17747.154461
39,100,17753.131212
2,9,17753.701569
89,166,17764.095067
79,84,17769.383679
120,260,17785.352848
130,118,17792.678291
130,118,17800.125334
143,306,17818.723192
91,53,17822.036534
137,215,17834.992839
3,6,17835.384596
1,3,17835.586379
80,48,17838.487092
151,127,17846.187645
90,46,17849.054507
137,193,17861.02776
135,127,17868.936411
97,86,17874.273883
8,23,17875.683773
103,415,17901.434355
146,267,17917.567165
180,147,17926.528073
130,315,17945.950813
138,338,17967.391439
93,78,17972.229156
79,45,17974.974394
9,16,17975.907859
92,45,17978.61712
143,102,17984.935656
139,209,17997.878126
144,598,18033.614758
8,15,18034.542008
163,268,18050.841653
137,324,18071.151984
10,15,18072.100389
152,296,18090.794179
2,15,18091.696156
152,166,18101.697891
156,377,18125.204705
174,683,18167.306098
137,141,18176.186067
94,66,18180.205405
146,141,18188.791764
139,384,18212.535733
135,100,18218.751915
208,202,18231.196757
96,122,18239.207207
233,424,18264.607652
154,189,18275.287699
148,240,18289.257417
136,178,18299.965101
188,425,18324.764347
151,261,18340.013086
168,287,18356.553858
140,525,18387.199805
92,56,18390.739348
133,814,18440.588091
166,539,18535.551163
225,688,18578.054477
156,394,18602.754404
104,397,18627.191494
152,283,18644.629789
175,1304,18725.034247
198,469,18754.212945
141,162,18764.327752
142,761,18811.468734
134,139,18820.09501
161,522,18852.098915
4,33,18854.141929
130,126,18862.016369
160,254,18877.475489
137,123,18885.09514
11,49,18888.139475
80,189,18900.048153
137,301,18919.376702
32,243,18934.651175
78,38,18937.026026
10,18,18938.170909
139,276,18955.611416
130,158,18965.46135
138,128,18973.328294
156,667,19014.084755
131,140,19022.763578
144,509,19054.101248
137,282,19071.678637
143,185,19083.175353
78,40,19085.607593
108,314,19105.349361
149,228,19119.741192
162,614,19157.466955
137,114,19164.392995
200,498,19194.690109
160,264,19210.630199
136,423,19236.845344
84,39,19239.152126
135,158,19248.900206
99,204,19261.399611
4,11,19262.04953
135,280,19279.58998
92,861,19331.86548
82,93,19337.668982
136,955,19395.671726
11,17,19396.764386
136,421,19422.563423
136,136,19430.954301
135,249,19446.1614
136,124,19453.909578
8,92,19459.496113
135,1359,19543.184008
96,96,19549.050999
136,405,19574.454407
78,46,19577.293751
136,206,19590.196877
135,126,19597.908215
136,244,19612.562625
136,323,19632.248262
136,542,19666.315382
83,54,19669.786803
135,664,19711.363666
140,500,19741.883438
23,112,19748.791987
136,1089,19816.677776
128,350,19837.781796
136,180,19848.898429
139,634,19888.272939
10,26,19889.851197
136,172,19900.496423
137,351,19921.637176
135,242,19936.359229
147,893,19992.204231
136,433,20019.364758
136,282,20036.237355
90,117,20043.306585
123,1030,20105.601479
166,307,20124.470881
89,52,20127.660262
171,728,20172.518279
5,9,20173.055583
187,877,20226.831222
22,205,20239.460013
208,438,20266.53198
150,550,20300.245906
185,401,20325.079179
150,310,20344.314921
151,419,20370.272736
151,491,20400.303246
150,593,20436.830371
164,931,20494.200755
194,594,20531.309357
86,374,20554.70026
131,427,20580.943255
162,1017,20643.226556
77,40,20645.76259
1,8,20646.255579
9,18,20647.355612
152,170,20657.709928
236,671,20699.246976
150,223,20713.079626
112,384,20736.669286
166,1093,20804.080066
151,128,20812.164572
79,43,20814.761697
196,1539,20909.673696
85,77,20914.374665
224,463,20942.643048
79,66,20946.76318
8,15,20947.666509
127,103,20954.081222
144,422,20980.048176
79,173,20990.822763
214,158,21000.611962
7,16,21001.646704
4,7,21002.077152
148,234,21016.35266
149,197,21028.473273
92,51,21031.669983
137,135,21039.971624
80,92,21045.617828
169,1013,21108.611907
91,91,21114.170749
7,16,21115.141425
137,130,21122.935274
153,1032,21186.338824
136,126,21194.027495
79,36,21196.176785
90,324,21216.740593
143,309,21235.787373
72,84,21240.846862
141,407,21265.696109
139,224,21279.758638
2,9,21280.315588
142,335,21301.043527
137,132,21309.417045
123,1031,21374.314847
156,578,21409.563578
116,159,21419.321751
93,62,21423.320755
117,153,21433.047649
126,101,21439.495918
99,84,21445.019821
4,11,21445.732438
1,11,21446.546018
97,77,21451.65651
121,244,21467.065741
97,73,21471.626347
203,408,21496.225703
6,19,21497.427371
99,133,21505.367476
120,360,21527.115247
85,53,21530.384698
135,169,21540.98339
152,484,21570.911638
116,121,21578.445766
6,20,21579.650658
143,341,21600.546872
3,41,21603.319005
95,76,21607.884299
10,23,21609.279786
137,125,21617.117684
94,54,21620.414006
96,69,21624.663631
97,67,21628.76594
137,408,21654.167131
137,250,21669.971502
167,1229,21747.253059
166,1283,21825.244041
135,173,21835.828479
88,65,21839.897814
88,133,21848.129323
165,603,21885.569893
135,181,21897.028619
126,235,21911.77733
217,1968,22033.978652
9,22,22035.379396
135,282,22053.085827
135,208,22065.76795
135,278,22083.177225
169,874,22137.88421
135,458,22166.099807
170,590,22202.465275
150,183,22213.585786
109,408,22238.353846
84,51,22241.537608
151,274,22258.283333
135,206,22271.027293
99,94,22276.777901
78,44,22279.575348
156,978,22338.975823
133,265,22355.10759
214,355,22376.778655
168,576,22411.13142
137,154,22420.424166
136,172,22431.000304
135,538,22463.902432
85,70,22468.269269
135,474,22497.709333
86,189,22509.264577
86,74,22513.752403
5,12,22514.491343
135,200,22527.149436
144,225,22540.903676
9,16,22541.852198
9,16,22542.823226
152,355,22564.312102
159,296,22582.34315
7,14,22583.149716
136,528,22615.896289
132,143,22624.668939
71,127,22632.516268
140,220,22646.274311
20,165,22656.619851
90,284,22674.72354
138,125,22682.330959
89,87,22687.601173
171,543,22720.236765
131,160,22729.727407
135,177,22740.346891
84,78,22745.230188
138,115,22752.190872
7,18,22753.31042
175,1054,22818.816767
133,367,22841.322327
118,128,22849.322552
135,205,22862.161592
141,130,22869.960459
99,111,22876.744289
137,294,22894.915113
81,53,22898.149854
137,165,22908.086041
133,194,22920.165746
151,489,22950.009617
87,84,22955.170977
125,144,22964.183976
88,70,22968.52274
85,87,22973.874876
135,216,22987.277789
137,210,23000.684406
139,374,23024.411659
89,77,23029.235672
140,1293,23108.585461
186,816,23159.077397
136,252,23175.353432
139,146,23184.55499
89,111,23191.429415
79,50,23194.465127
139,422,23220.684065
138,1022,23283.390281
74,154,23292.8334
136,894,23348.411034
5,11,23349.05677
78,108,23355.639556
82,129,23363.456866
137,812,23414.0941
115,539,23447.366171
85,76,23452.041015
116,306,23470.836633
2,9,23471.374162
79,64,23475.233176
123,253,23490.701998
137,618,23528.628158
137,214,23541.815185
79,112,23548.595291
70,68,23553.050975
137,861,23606.109769
94,184,23617.169723
137,225,23630.390026
137,287,23647.912702
137,446,23676.337945
137,515,23708.23815
135,303,23726.833976
135,1278,23805.726621
129,306,23824.570742
135,769,23871.723744
135,1335,23953.512468
4,11,23954.190589
79,97,23960.197375
135,563,23995.928271
135,625,24034.002043
130,138,24042.463238
92,727,24086.955662
129,191,24098.615147
87,1193,24172.936269
5,7,24173.367899
4,15,24174.266627
133,616,24213.1317
83,63,24217.007297
132,1028,24280.07228
181,548,24313.371974
84,117,24320.637018
185,536,24353.301655
34,256,24369.132458
128,266,24385.811052
92,370,24408.204003
132,268,24424.574776
135,1661,24526.315729
135,886,24581.274901
134,376,24604.446233
148,841,24656.339615
116,322,24676.019995
122,110,24682.054184
116,427,24764.454183
108,101,24770.621002
124,336,24791.596145
116,334,24812.402618
2,15,24813.32724
2,12,24814.064501
2,12,24814.821417
84,155,24824.30103
116,148,24833.449046
122,385,24857.111826
78,38,24859.369977
112,221,24872.61078
1,13,24873.357991
133,473,24902.871675
113,158,24913.140471
111,189,24924.608979
2,15,24925.562936
110,91,24931.118357
117,151,24940.278999
133,322,24959.732615
132,464,24988.125694
123,318,25007.618204
5,32,25009.618146
168,319,25029.457882
79,88,25034.967375
132,798,25084.650767
167,200,25097.404124
133,333,25118.863496
37,653,25159.322969
73,65,25163.446145
122,327,25183.710291
144,491,25213.496329
75,89,25219.042637
136,361,25241.128759
180,234,25255.078819
5,18,25256.194624
131,217,25269.435735
146,431,25295.285195
133,406,25320.62623
134,212,25333.774606
95,214,25347.005681
118,118,25354.391092
129,182,25366.052388
133,778,25413.848367
122,432,25441.51956
135,222,25455.341112
130,236,25469.50122
118,115,25476.631722
95,46,25479.715394
133,475,25509.609324
3,8,25510.107123
117,209,25522.783746
8,21,25524.126441
117,204,25536.725062
145,453,25564.86352
144,417,25589.868785
156,817,25638.724337
122,233,25653.24253
151,728,25698.156991
94,114,25704.994164
123,219,25718.299564
122,199,25730.480098
93,138,25739.048374
139,655,25779.609531
4,7,25780.017191
84,112,25786.793287
126,134,25795.094146
97,185,25806.325979
37,672,25848.599798
78,47,25851.612424
137,447,25879.079151
85,199,25891.226506
72,265,25907.654876
29,444,25935.645386
119,722,25980.92225
122,302,25999.091439
77,83,26004.154306
4,11,26004.821435
81,147,26013.865376
78,130,26022.002069
86,89,26027.496642
186,847,26079.674751
135,366,26102.764419
8,13,26103.584263
79,140,26112.389082
122,275,26129.723885
84,138,26138.103068
79,127,26145.863265
135,330,26165.738743
96,254,26181.234581
84,113,26188.124285
84,99,26194.059934
134,314,26213.25961
77,40,26215.834321
79,51,26219.07978
3,12,26219.880762
135,480,26249.816999
78,100,26256.102634
183,256,26272.00007
86,113,26279.042031
123,210,26292.006918
77,51,26295.09233
165,266,26311.592665
135,979,26371.979396
84,55,26375.225098
79,47,26378.04004
120,210,26390.83257
135,1223,26466.248076
127,254,26482.281807
135,2261,26621.418512
79,163,26631.630317
135,826,26683.514413
185,417,26708.806731
4,13,26709.56742
77,195,26721.373235
135,381,26744.873406
83,181,26755.841474
185,254,26771.457692
135,428,26797.542955
135,1456,26886.976344
133,249,26902.129616
92,61,26905.984963
123,160,26915.805346
109,141,26924.409222
84,72,26928.854217
80,250,26944.2102
136,636,26982.895156
135,218,26996.266382
93,482,27026.314255
87,676,27068.582228
135,549,27102.285353
2,9,27102.86829
135,833,27154.77953
139,351,27176.017754
87,113,27182.71315
70,72,27187.205543
113,213,27200.841421
172,348,27222.98945
97,232,27237.979315
4,11,27238.634974
135,598,27275.817178
1,79,27280.867015
122,156,27290.50335
109,429,27316.636305
3,9,27317.176067
79,38,27319.506373
165,441,27342.452831
118,149,27350.177134
121,219,27361.524261
135,182,27370.837351
185,340,27388.73776
133,264,27402.665381
79,79,27406.813013
185,326,27425.371403
128,656,27465.651217
130,198,27477.661499
183,697,27519.43613
9,12,27520.130162
109,254,27535.495959
135,1011,27596.276845
158,315,27615.605919
185,1643,27716.882057
133,418,27742.876952
176,234,27757.141226
170,209,27769.995505
42,137,27778.634392
92,64,27782.584245
79,36,27784.829658
9,16,27785.866181
167,228,27800.304988
9,18,27801.404822
185,373,27823.790733
98,251,27839.049984
187,755,27884.747758
183,602,27920.989164
188,593,27956.993677
184,513,27988.584029
121,191,28000.158314
98,222,28013.894944
80,156,28023.535732
109,747,28069.656202
128,208,28082.568301
183,352,28104.477431
5,13,28105.298746
158,236,28119.916085
83,73,28124.191412
178,231,28138.753943
99,100,28144.76337
5,20,28145.966367
93,74,28150.35921
195,1147,28220.226364
132,363,28242.472985
134,184,28253.621208
89,91,28259.28076
135,416,28285.017049
187,735,28329.903922
135,409,28354.570461
181,554,28388.34912
5,28,28390.090403
93,178,28400.782645
102,280,28417.844144
172,564,28452.263237
133,477,28481.487336
181,463,28510.809724
115,467,28539.871038
10,19,28541.006453
5,18,28542.093932
118,515,28573.996688
182,347,28595.231047
8,17,28596.286739
6,33,28598.398491
7,16,28599.410664
96,436,28625.882056
113,288,28643.696747
103,119,28651.076467
111,374,28674.353089
82,143,28683.220334
113,549,28717.744663
133,520,28750.867177
93,48,28753.730401
182,312,28772.928379
89,75,28777.554196
96,217,28791.086794
0,57,28794.706398
93,90,28800.340104
81,134,28808.541481
111,297,28826.885789
5,17,28827.9595
129,340,28849.011519
94,370,28872.07645
133,446,28899.993977
105,434,28926.653767
131,507,28958.441132
128,214,28971.715976
77,42,28974.42302
179,351,28995.985967
135,448,29024.02795
4,6,29024.429276
3,11,29025.148709
179,322,29045.236356
130,251,29060.947225
129,219,29074.341535
3,18,29075.45832
90,52,29078.773966
129,321,29098.6499
130,365,29121.172864
182,301,29139.893868
131,255,29155.252403
129,462,29183.730172
93,68,29187.951383
128,250,29203.616124
121,109,29210.1369
10,17,29211.167319
138,1023,29274.969197
129,338,29296.174756
139,1191,29368.896065
92,75,29373.458199
133,298,29392.353179
84,288,29409.903898
81,134,29418.265447
92,200,29430.509406
88,89,29435.821429
131,180,29446.908347
131,1376,29532.642706
78,80,29537.430919
79,131,29545.341583
7,14,29546.171457
76,38,29548.491669
85,347,29569.818887
130,754,29616.399451
2,11,29617.129338
131,598,29653.487707
92,45,29656.28844
181,588,29692.362853
79,65,29696.431184
9,16,29697.425334
116,684,29739.713688
2,7,29740.157934
183,240,29755.061998
177,221,29769.052065
138,618,29807.462871
91,89,29813.027277
131,318,29832.141408
128,388,29856.170518
135,359,29878.308475
135,569,29913.730756
130,234,29928.30146
120,170,29938.78611
7,14,29939.656698
88,135,29947.961632
7,19,29949.141853
136,527,29982.370956
136,1240,30060.191306
90,143,30069.191715
128,200,30081.479166
185,429,30107.941693
7,12,30108.705572
135,259,30125.188275
177,493,30155.792396
111,146,30165.317142
136,498,30196.31433
131,464,30225.263621
136,821,30276.260346
88,46,30279.011436
7,16,30280.003757
134,799,30328.301894
170,107,30334.80211
182,404,30360.003912
90,75,30364.877136
4,28,30366.648613
137,632,30406.013661
171,258,30421.799787
136,459,30450.049475
1,23,30451.503034
134,481,30481.275708
168,125,30489.012759
181,252,30504.697197
10,13,30505.522564
97,78,30510.454235
130,203,30523.211442
31,127,30531.342829
7,25,30532.964571
177,204,30545.22226
135,422,30570.884657
111,361,30592.936679
167,197,30605.043384
110,633,30644.438549
171,192,30656.107825
97,127,30664.038938
28,134,30672.270381
10,18,30673.427102
80,182,30684.556558
80,49,30687.616841
8,15,30688.512788
188,645,30728.88829
185,362,30751.43633
91,235,30765.541428
180,416,30791.373008
99,294,30809.635061
187,1053,30872.187238
145,904,30986.027549
2,11,30986.72533
85,170,30996.96654
81,345,31018.155711
99,179,31029.150028
99,365,31052.031123
80,106,31058.485928
92,195,31070.556334
2,9,31071.103445
131,290,31089.242333
79,142,31098.007065
2,8,31098.49699
1,8,31098.986852
78,37,31101.169119
97,300,31119.548379
2,7,31120.008708
81,293,31137.819175
81,96,31143.994951
124,465,31172.643176
103,551,31205.79695
135,797,31255.706772
99,175,31266.095264
100,450,31293.83781
140,1225,31368.787597
85,211,31381.746639
130,222,31395.688752
137,538,31428.543705
129,291,31446.989081
85,113,31454.304951
124,898,31509.6793
140,266,31525.940825
172,230,31540.088064
7,12,31540.835058
102,644,31580.533292
9,16,31581.492009
10,17,31582.558369
115,370,31605.664035
185,693,31648.656438
186,639,31688.147657
185,315,31707.741211
185,494,31738.562689
158,163,31748.738411
103,381,31771.983818
98,80,31777.116992
97,281,31794.820504
140,832,31844.94403
169,1188,31917.712464
120,563,31953.119055
140,760,31999.98321
186,610,32037.928982
199,468,32066.958906
10,19,32068.19287
97,177,32079.351522
132,198,32091.631095
183,446,32119.337278
102,166,32129.661568
78,59,32133.52729
181,219,32146.929694
128,477,32176.507725
108,192,32188.596619
138,222,32201.925194
116,510,32233.175021
133,228,32247.471255
140,1435,32335.173093
140,541,32368.874795
139,311,32387.532688
97,598,32424.740672
9,26,32426.307312
75,77,32430.982198
136,571,32466.319523
4,11,32466.994338
101,250,32482.330337
146,581,32517.822116
80,163,32527.732586
129,258,32543.541132
140,368,32566.390185
163,170,32577.034821
129,727,32621.987173
77,161,32632.101297
182,862,32685.249584
190,402,32709.471765
8,17,32710.56829
7,14,32711.404025
141,305,32730.166737
136,263,32746.379952
137,833,32798.519301
146,457,32826.853778
81,154,32836.601089
140,483,32866.638561
85,133,32874.748879
138,471,32904.637627
166,1273,32983.879663
135,275,33000.696208
120,287,33018.253279
107,289,33035.922192
202,561,33070.695276
3,12,33071.470408
136,764,33118.636898
185,473,33147.87547
202,869,33202.391307
135,182,33213.269357
135,711,33257.292869
135,476,33285.550934
186,345,33306.651156
194,888,33361.123078
7,16,33362.14394
188,617,33399.80904
186,449,33427.548219
140,992,33488.773187
185,233,33503.433481
135,257,33519.418758
159,892,33575.032309
149,449,33603.088014
141,1041,33667.278924
210,895,33722.401698
150,350,33743.653666
182,103,33749.980019
136,544,33782.975761
183,210,33795.562289
85,58,33799.256965
201,277,33816.169735
185,213,33829.822678
135,537,33862.615788
80,136,33871.071337
100,134,33879.196029
150,420,33905.36383
162,490,33935.425122
135,496,33965.216013
151,1041,34028.349896
143,437,34055.561768
144,477,34084.65894
182,1320,34165.95011
222,1190,34239.131167
123,502,34269.909448
174,770,34316.93062
92,83,34321.776114
143,269,34338.118485
92,244,34352.923222
9,18,34354.040774
100,154,34363.705842
89,243,34378.133818
91,234,34392.426798
185,173,34403.220448
89,88,34408.866337
164,333,34429.532899
4,9,34430.088392
87,39,34432.586702
9,16,34433.568238
5,47,34436.453799
10,17,34437.492416
158,267,34454.028774
187,465,34482.655925
7,16,34483.655577
139,342,34504.337259
99,219,34518.047642
172,566,34552.585824
7,12,34553.340409
78,51,34556.396096
172,972,34615.317987
150,497,34644.934872
103,233,34658.971925
87,108,34665.405071
102,180,34676.212866
173,517,34707.097687
167,243,34722.01267
173,411,34746.939441
135,176,34757.663533
5,8,34758.162129
169,498,34788.945605
71,47,34791.874889
183,307,34810.76108
6,13,34811.511871
10,15,34812.401099
138,461,34840.484658
92,75,34845.077404
5,12,34845.856802
133,104,34852.115743
139,155,34861.366259
3,11,34862.021194
174,547,34895.296107
174,638,34935.039593
224,243,34950.629481
156,1130,35020.336026
8,13,35021.140323
79,40,35023.696285
173,424,35050.152186
131,151,35059.262916
221,1545,35154.305067
167,490,35183.712686
130,267,35200.066899
10,24,35201.564291
95,101,35207.874914
133,183,35219.319691
185,704,35262.882407
223,671,35304.435347
224,943,35361.580208
282,1314,35442.460353
240,1369,35526.859662
137,176,35537.336052
173,1277,35614.600153
118,206,35626.757708
86,177,35637.466948
97,75,35641.939409
143,334,35662.169858
2,9,35662.730876
269,612,35700.769843
163,371,35724.250925
99,235,35738.683442
173,644,35779.023886
99,339,35799.879664
200,333,35820.381602
186,329,35840.642807
151,251,35856.093308
200,326,35876.299069
225,374,35899.432048
100,128,35907.375034
9,16,35908.315454
89,55,35911.753486
223,445,35939.177307
185,258,35955.31839
100,166,35965.630027
92,100,35971.850568
7,16,35972.861795
184,331,35993.205454
137,238,36007.930812
162,351,36030.044155
166,305,36049.035639
81,191,36060.688442
78,38,36062.958786
112,499,36093.65215
137,163,36103.834223
89,92,36109.670686
181,110,36116.428236
93,78,36121.20489
177,1276,36200.110468
1,9,36200.676391
172,926,36257.510464
92,304,36276.201621
84,36,36278.44325
135,120,36285.990799
84,393,36310.285114
135,173,36321.098711
84,882,36375.537404
266,213,36388.668972
221,385,36412.046751
207,1548,36507.35837
227,427,36533.53997
152,426,36559.810203
137,104,36566.318269
5,18,36567.411092
223,233,36581.856814
173,480,36611.311058
172,485,36641.111037
148,384,36664.208019
80,47,36667.180421
152,258,36682.991297
198,214,36696.029323
199,529,36726.49448
14,80,36731.132048
4,11,36731.78049
100,94,36737.087495
112,648,36775.535305
194,233,36788.899667
233,435,36814.080796
128,184,36825.37381
143,115,36832.392503
86,77,36837.194427
82,53,36840.399947
202,319,36860.210127
93,175,36871.252495
147,267,36887.706636
10,17,36888.760211
234,312,36908.114959
87,47,36911.009901
136,163,36921.239461
194,175,36931.986279
175,671,36973.44646
7,14,36974.291223
272,1287,37054.072171
199,286,37071.330356
124,640,37108.056283
175,856,37286.850972
135,249,37302.017369
100,168,37312.610427
136,510,37343.458641
144,345,37364.418504
135,573,37398.72383
148,415,37423.833951
1,7,37424.299636
89,51,37427.482103
5,8,37427.997289
52,260,37444.05645
239,666,37484.652899
79,38,37487.05648
192,842,37539.262975
187,1330,37620.905013
90,47,37623.705079
179,347,37644.899456
80,47,37647.707366
130,147,37656.751783
197,473,37685.4452
130,152,37694.788128
185,687,37737.278215
8,17,37738.320621
148,357,37759.809163
130,507,37792.47365
105,309,37811.726469
147,397,37836.20783
129,464,37864.847779
90,42,37867.344457
86,61,37871.300828
4,11,37871.972966
144,1068,37930.28814
130,284,37944.868506
83,72,37948.638816
179,354,37967.595433
101,261,37980.848052
132,808,38025.030328
81,66,38029.002721
231,1393,38115.259572
139,866,38169.232504
190,848,38220.989114
80,310,38240.159194
126,197,38252.610762
125,148,38261.628272
149,575,38296.918996
1,25,38298.486358
2,32,38300.481935
1,48,38303.528777
133,631,38343.340972
133,159,38353.038844
3,10,38353.675443
152,713,38397.440441
147,260,38413.673134
12,158,38423.419573
77,59,38427.135233
149,275,38444.096098
166,1401,38530.877533
114,451,38558.996103
119,481,38588.433375
173,160,38597.98247
81,142,38606.381231
85,41,38608.77791
139,612,38646.974188
115,323,38667.230783
165,156,38676.739464
171,420,38702.88878
111,386,38727.394875
1,9,38728.002325
117,274,38745.363183
185,362,38767.445258
204,460,38795.977395
186,413,38822.232501
221,743,38867.835776
187,275,38884.598013
142,184,38895.935813
181,301,38914.81128
138,528,38948.218221
187,214,38961.717902
143,280,38978.932896
189,224,38992.53458
193,160,39002.508991
77,76,39007.160124
4,15,39008.079939
87,42,39010.669713
189,214,39023.975764
92,49,39027.016452
138,284,39044.743973
2,15,39045.693932
105,148,39054.875893
173,247,39070.398164
85,53,39073.638491
1,7,39074.060918
99,141,39082.567503
214,377,39105.741167
144,256,39121.692897
139,322,39141.400758
104,145,39150.162854
183,140,39158.864236
271,701,39202.028497
148,1534,39297.253345
131,166,39307.587425
89,70,39311.860724
92,60,39315.623241
118,617,39353.545839
7,19,39354.697329
113,158,39364.695616
46,565,39399.452523
128,164,39409.645336
87,143,39418.62428
106,296,39436.686996
1,9,39437.256902
1,14,39438.076192
161,565,39472.91691
251,578,39507.935825
190,205,39520.558262
81,84,39525.823942
8,15,39526.749792
91,57,39530.274393
7,16,39531.230429
99,328,39551.909783
86,88,39557.576303
171,444,39584.940202
197,142,39593.491976
134,273,39609.83064
10,19,39610.959608
137,344,39632.56085
181,125,39640.21418
5,10,39640.853222
179,147,39649.781656
82,177,39660.335609
255,827,39711.335336
169,398,39735.674303
209,383,39759.132635
187,180,39770.31899
192,234,39784.577242
8,15,39785.484333
202,234,39799.892296
146,262,39816.181729
95,109,39822.851217
284,585,39859.186498
117,423,39885.341892
81,47,39888.331934
82,99,39894.286547
151,343,39915.706785
163,413,39941.253479
234,265,39957.524664
89,217,39970.536979
185,168,39980.884899
226,398,40005.443623
225,1570,40101.647791
149,394,40125.77215
186,463,40155.303465
192,499,40186.403951
260,1499,40279.608132
173,1181,40353.493742
141,664,40394.475548
134,436,40421.713286
183,651,40462.546586
148,331,40482.497079
10,19,40483.688653
10,40,40486.177009
133,320,40505.878219
148,342,40526.355016
140,762,40573.307233
282,474,40602.728397
142,201,40615.062263
8,16,40616.042497
276,531,40648.762974
141,306,40667.543921
142,391,40691.748752
10,17,40692.823796
137,1043,40756.960969
175,592,40792.926115
141,313,40812.14217
86,205,40824.66317
79,106,40830.953869
79,47,40833.813743
97,68,40837.899119
218,542,40870.718569
86,82,40875.567794
183,826,40926.562657
143,416,40951.983422
251,380,40975.077879
1,15,40975.980475
135,181,40987.483002
156,311,41006.697767
10,23,41008.118634
94,104,41014.543324
173,455,41042.576533
136,244,41057.449056
79,42,41059.905452
217,767,41107.789747
222,1483,41199.128471
144,183,41210.451769
135,151,41219.857343
166,243,41234.797272
185,178,41245.682544
155,905,41300.97057
228,472,41330.391304
160,884,41384.298479
98,181,41395.401162
150,265,41411.288517
4,13,41412.137396
94,74,41416.856539
10,14,41417.756305
185,499,41447.667984
218,300,41466.19602
122,181,41477.07819
282,672,41518.939902
224,481,41548.180103
102,115,41555.172683
71,61,41559.052332
198,214,41572.569906
95,390,41596.608398
217,264,41612.861084
133,414,41638.552383
9,165,41648.936575
177,144,41657.862639
130,363,41681.483238
171,991,41741.527953
9,14,41742.372404
125,424,41769.114407
132,533,41802.238686
130,175,41813.080323
137,374,41836.799312
82,86,41842.114711
94,185,41853.285488
136,275,41869.877987
134,383,41893.492754
78,40,41895.852728
131,328,41915.88215
89,79,41920.800539
131,173,41931.305343
1,8,41931.767313
137,552,41965.569937
180,159,41975.473124
90,72,41980.195105
139,677,42021.966733
124,228,42036.27457
185,372,42059.149858
202,667,42100.314808
193,223,42114.081867
118,233,42128.631206
151,375,42151.422225
203,766,42198.317947
7,16,42199.271669
118,251,42214.875293
250,334,42235.539245
92,60,42239.253009
9,16,42240.240653
194,919,42296.165181
2,11,42296.821548
190,372,42319.300962
181,103,42325.52049
160,604,42364.390785
125,546,42397.897032
1,7,42398.347569
118,371,42421.564095
149,208,42434.06503
119,115,42441.322958
269,487,42470.784451
149,142,42479.261611
88,77,42484.126747
84,514,42515.254594
3,12,42516.014561
230,331,42536.475693
174,118,42543.547126
148,203,42555.771279
137,113,42562.700685
7,14,42563.569385
230,428,42589.638361
138,161,42599.956619
256,289,42617.716176
6,19,42618.885515
9,18,42619.956714
177,325,42639.618397
137,109,42646.143904
92,110,42652.919367
80,471,42682.423078
250,459,42710.921742
1,16,42711.913454
173,322,42731.793738
185,203,42744.377863
185,189,42755.869622
172,246,42771.031206
227,257,42786.968994
275,1003,42848.256169
207,388,42872.229548
165,305,42891.414932
242,626,42930.149341
81,47,42933.037802
1,8,42933.505077
134,190,42945.168861
1,10,42945.806602
194,951,43004.032074
91,53,43007.312038
1,9,43007.884995
81,50,43010.927691
181,227,43024.822148
92,56,43028.280518
235,212,43041.194134
91,76,43045.904487
92,107,43052.404217
208,383,43075.890054
1,7,43076.306436
91,59,43080.015972
200,269,43096.51842
181,217,43110.039199
234,783,43158.049545
94,305,43176.674129
217,1258,43252.229162
179,105,43258.536352
4,22,43259.910711
206,245,43274.091756
164,660,43311.974966
135,211,43324.688689
267,638,43363.604606
85,63,43367.675485
98,626,43453.164055
238,390,43477.30701
271,287,43495.395484
5,12,43496.163522
103,250,43511.874732
87,79,43516.769509
15,99,43522.775593
95,220,43536.507531
3,8,43537.008841
231,250,43552.771943
87,69,43557.044245
317,570,43592.757049
216,357,43614.819208
94,74,43619.385575
181,228,43633.389309
87,57,43636.934858
90,60,43640.704234
90,92,43646.465309
127,564,43681.612236
172,171,43692.174105
99,723,43737.643722
229,244,43752.330358
291,510,43783.514827
252,445,43811.184808
219,554,43844.901437
197,344,43865.775687
86,74,43870.444281
211,317,43889.844031
237,585,43926.348416
102,73,43930.762035
203,387,43954.884465
187,247,43969.900939
202,282,43986.945295
122,591,44022.831046
217,755,44069.399325
179,198,44081.919152
187,133,44089.976393
4,17,44090.977103
176,1248,44167.261062
80,42,44169.822617
189,345,44190.923293
117,324,44211.216495
183,180,44222.191218
191,360,44244.170459
8,22,44245.528368
97,221,44259.725377
184,235,44274.215044
1,13,44275.043652
172,123,44282.453829
223,450,44309.931006
310,273,44326.361964
78,44,44329.246932
3,8,44329.779815
186,161,44339.49342
198,321,44358.891956
148,122,44366.351654
135,141,44374.665575
85,163,44384.709779
136,366,44407.363755
138,250,44423.062634
219,408,44448.351949
217,305,44466.665629
125,135,44474.787293
1,10,44475.434521
170,250,44490.728528
170,203,44503.19216
170,345,44524.312274
86,74,44529.054924
209,334,44549.997325
143,262,44565.882302
183,339,44586.933265
10,19,44588.032544
202,1219,44663.903717
185,119,44671.675001
176,139,44680.229726
228,175,44691.154598
173,308,44710.114232
8,11,44710.780784
150,238,44725.675572
220,166,44736.094014
317,368,44758.624765
220,324,44778.778974
2,13,44779.584364
87,258,44795.668733
139,117,44803.051805
206,245,44818.144967
185,128,44826.093843
7,26,44827.87619
2,19,44829.155571
317,521,44861.469775
138,176,44872.38435
183,165,44882.609548
219,276,44900.148192
85,83,44905.355207
103,254,44921.226038
234,248,44937.236483
245,446,44964.660034
200,933,45022.09337
218,333,45042.166191
164,149,45051.357401
157,137,45059.619959
79,77,45064.414387
212,301,45082.695842
8,15,45083.623683
5,14,45084.471741
1,8,45084.936462
124,91,45090.485847
273,1699,45195.013121
196,303,45213.509934
190,167,45223.763438
271,605,45260.810641
213,546,45294.714814
256,454,45322.999309
172,278,45340.033797
4,29,45341.88259
148,192,45353.796628
257,392,45378.261802
171,434,45405.247605
256,454,45432.51495
171,211,45445.331704
250,339,45466.272896
8,17,45467.309367
197,452,45494.535558
135,148,45504.009624
121,572,45539.101109
234,295,45557.115725
217,275,45573.696527
252,349,45595.364144
260,354,45616.828811
257,364,45639.457365
142,326,45659.381839
218,349,45681.056438
97,93,45686.768388
220,217,45700.496954
138,181,45711.60138
268,401,45735.711114
267,330,45755.598622
10,17,45756.681311
218,355,45778.970475
185,135,45787.607037
267,269,45804.187497
97,86,45809.406405
137,100,45815.666402
204,238,45830.245326
189,154,45839.802099
167,218,45853.419509
224,615,45890.909999
137,127,45899.081598
221,631,45934.992294
219,307,45954.058662
8,21,45955.249719
88,86,45960.232333
162,167,45969.774675
148,139,45977.786005
162,314,45995.892946
139,112,46002.328207
210,345,46023.5015
96,117,46030.755692
267,293,46049.088185
172,350,46071.021702
224,818,46121.58985
220,626,46159.747493
10,23,46161.17989
120,123,46168.661281
184,281,46185.675157
223,516,46217.103371
104,212,46230.076824
258,213,46243.346842
135,219,46256.784771
230,758,46303.236424
218,363,46325.87901
217,265,46341.875442
135,153,46351.111422
187,285,46368.925496
163,158,46378.331407
267,499,46408.533947
263,370,46431.26142
93,46,46434.082712
259,291,46452.276951
192,143,46461.125135
277,605,46498.293536
135,116,46505.528927
284,164,46515.701283
253,242,46530.579254
137,130,46538.671964
1,6,46539.075833
6,13,46539.897529
207,393,46564.09321
1,5,46564.385677
91,49,46567.388218
151,202,46579.884808
1,9,46580.446767
98,71,46584.833947
207,212,46598.182434
135,156,46607.885847
202,262,46624.066927
219,293,46642.853195
8,17,46643.898234
102,246,46659.524954
212,296,46678.15141
105,90,46683.654409
274,266,46700.25964
84,44,46702.90848
84,44,46705.49819
1,13,46706.294641
1,13,46707.138803
262,629,46745.863474
92,48,46748.881275
4,11,46749.567598
214,408,46774.439161
275,367,46796.355669
213,225,46809.954367
133,185,46821.261068
225,490,46851.335845
137,127,46858.963182
267,325,46879.337855
135,146,46888.25322
268,439,46915.538412
75,68,46919.787804
1,9,46920.381024
89,139,46928.978223
262,369,46951.758208
80,36,46954.029602
126,320,46973.545057
267,205,46986.32781
317,200,46998.2804
174,212,47011.63477
275,519,47043.183175
221,646,47082.261212
10,19,47083.432634
135,147,47092.461921
215,269,47108.790574
271,320,47128.505999
3,8,47129.008633
220,380,47152.863194
79,37,47155.068393
210,313,47174.07791
92,65,47178.125718
277,1483,47269.085376
84,69,47273.470377
141,224,47287.703177
319,320,47307.614292
135,120,47314.748648
217,268,47331.5135
188,135,47339.916718
2,16,47340.879219
92,45,47343.590578
211,799,47392.115873
216,342,47413.580436
211,528,47446.069497
2,13,47446.880736
7,16,47447.872833
5,20,47449.14723
91,51,47452.290637
2,11,47452.967956
7,18,47454.088686
284,326,47474.970038
312,442,47502.472752
115,412,47528.521325
217,269,47545.063728
84,42,47547.657552
91,80,47552.429794
150,331,47572.612355
83,225,47586.223487
269,1220,47661.052248
271,307,47679.83308
10,17,47680.872887
7,14,47681.722223
84,65,47685.697822
115,280,47702.995732
163,149,47712.091918
266,244,47726.873657
167,332,47747.221864
269,485,47776.961611
278,720,47821.821446
84,67,47825.955346
265,375,47849.793605
7,20,47851.144929
85,92,47857.073179
229,382,47880.581657
158,468,47909.049763
4,238,47923.567947
218,283,47940.801178
261,516,47973.354343
83,38,47975.602585
216,517,48006.944106
212,311,48025.699172
223,673,48066.673571
198,265,48083.378587
4,21,48084.673207
187,111,48091.461673
220,372,48113.699895
255,344,48134.372787
267,658,48175.477829
265,438,48202.723488
214,367,48225.025209
9,16,48226.031512
90,50,48229.063074
212,510,48260.144031
161,294,48278.797864
211,305,48297.621771
221,668,48337.738737
93,71,48341.830981
185,214,48354.907686
172,170,48365.486238
10,23,48366.982714
278,416,48392.493551
215,314,48411.336692
92,71,48415.572595
137,119,48422.813663
277,692,48465.175241
255,368,48487.500388
175,192,48499.318663
91,107,48506.067303
262,266,48520.668828
235,188,48530.310212
82,36,48532.11459
199,276,48546.413632
211,491,48571.840446
175,177,48581.267833
9,22,48582.513256
271,584,48617.967938
9,18,48619.056634
213,530,48651.922843
10,19,48653.127482
85,69,48657.436796
95,90,48663.141126
280,787,48711.438479
155,153,48720.533133
219,535,48753.1065
188,115,48760.095431
166,447,48787.349724
7,16,48788.358107
137,145,48797.242306
137,97,48803.413982
95,59,48807.113721
311,439,48834.261895
259,749,48880.58385
152,164,48890.64993
149,183,48902.064926
8,11,48902.716511
179,325,48922.584297
4,13,48923.40335
137,106,48929.96559
93,221,48943.418505
94,264,48959.754209
158,353,48981.210299
87,122,48988.828872
313,457,49017.275469
182,118,49024.514715
3,12,49025.280727
146,325,49045.620578
8,11,49046.324139
150,405,49071.427574
88,279,49088.287529
240,721,49132.399463
1,7,49132.813417
150,127,49140.828455
7,20,49142.041898
151,526,49174.138804
140,222,49188.31106
141,205,49200.82365
188,127,49208.681992
128,227,49222.884223
7,14,49223.74125
148,180,49234.699246
85,71,49238.93417
199,155,49248.353895
92,226,49262.100289
96,118,49269.213229
231,352,49290.069029
1,8,49290.54974
268,897,49345.00979
5,14,49345.848251
7,16,49346.838041
149,265,49364.108051
87,172,49375.212282
204,472,49402.871638
285,251,49417.376416
10,19,49418.52614
261,334,49437.974829
237,1911,49640.395853
8,160,49650.243696
263,702,49693.172798
256,358,49715.34792
208,1054,49780.255084
272,387,49803.872058
180,175,49814.39387
9,18,49815.467305
92,186,49826.967936
130,367,49849.845246
130,140,49858.823616
130,691,49902.269902
9,16,49903.220744
111,121,49910.75433
161,110,49917.445826
7,14,49918.342685
255,992,49979.251456
95,68,49983.397654
264,898,50037.675573
179,113,50044.558672
194,467,50073.01002
136,425,50099.608618
129,129,50107.82156
179,208,50120.541973
159,352,50141.923401
130,426,50167.912251
129,117,50175.058742
136,275,50191.989646
93,50,50195.055624
88,44,50197.672984
129,398,50222.090825
259,575,50257.803167
179,171,50268.33606
224,1086,50335.904885
129,184,50347.366174
263,687,50389.833746
212,620,50427.770576
3,15,50428.768093
78,45,50431.591512
137,189,50443.216546
258,344,50464.374002
201,378,50487.808767
221,832,50539.554475
168,303,50558.581102
137,1440,50646.543655
111,110,50653.342897
5,18,50654.420539
125,182,50665.706552
235,364,50688.177474
187,200,50700.830267
149,144,50709.888092
168,88,50715.405403
1,13,50716.247389
2,7,50716.664773
8,15,50717.605727
7,20,50718.812241
3,12,50719.565025
135,110,50726.467923
136,332,50746.813343
135,117,50754.107476
208,305,50772.879475
187,534,50805.955923
4,11,50806.630878
219,596,50843.059325
83,280,50860.721531
123,137,50869.266215
2,13,50870.092854
135,98,50876.125489
136,107,50882.437499
19,83,50887.578407
35,300,50906.119251
173,85,50911.482617
199,192,50923.614468
187,124,50931.063316
138,215,50944.27227
97,122,50951.949119
190,250,50967.012331
91,43,50969.642632
181,505,51000.430041
140,268,51016.897024
320,1135,51086.640695
232,237,51101.393842
9,18,51102.616048
262,512,51134.343344
100,98,51140.355791
85,183,51151.773237
215,512,51183.391469
202,463,51211.907157
88,37,51214.251651
117,156,51223.981441
138,289,51241.878962
91,234,51256.291809
6,13,51257.079092
137,169,51267.359693
187,134,51275.35938
317,509,51305.755039
92,82,51310.713357
124,255,51326.018615
189,241,51340.750515
95,69,51345.064058
86,112,51351.908794
7,14,51352.744694
92,57,51356.169444
185,271,51372.706183
88,135,51381.094065
93,69,51385.239343
8,209,51398.635286
92,116,51405.708009
237,226,51420.079053
189,621,51458.770598
84,98,51464.649125
83,77,51469.349993
115,327,51489.625957
88,76,51494.403739
138,164,51504.491965
97,94,51510.257887
90,48,51513.178768
175,482,51543.31671
186,385,51567.281816
265,268,51583.950019
277,193,51595.857415
5,21,51597.13716
210,281,51614.677919
93,48,51617.527716
233,531,51651.084908
203,391,51675.376789
265,420,51701.381926
178,88,51706.780465
266,923,51763.525018
135,690,51806.116214
263,319,51825.561335
124,163,51835.531524
9,21,51836.877339
185,151,51846.203732
185,189,51858.336521
95,223,51872.536102
185,280,51889.300339
141,184,51900.436695
84,87,51905.72169
264,766,51952.996606
250,383,51976.500819
267,568,52011.307035
4,11,52012.017044
96,77,52016.903721
135,245,52032.796909
185,172,52043.317661
201,407,52067.747214
78,91,52073.446579
144,191,52084.876187
185,523,52117.277065
146,331,52137.794371
2,219,52151.125666
90,78,52156.028097
2,7,52156.440167
212,411,52181.82299
185,162,52192.096195
145,222,52206.312858
9,30,52208.215101
201,431,52234.620265
221,902,52291.673824
180,323,52311.525581
194,224,52325.339492
182,115,52332.607861
135,241,52347.358591
194,192,52359.219212
179,148,52368.220559
96,164,52378.367862
96,82,52383.471089
7,16,52384.489512
112,560,52419.54812
215,448,52447.473908
90,80,52452.564346
129,247,52467.685531
161,454,52495.807896
189,314,52515.540059
179,108,52522.30064
267,392,52547.238898
267,591,52584.507792
284,577,52620.221439
92,70,52624.488834
39,93,52630.320619
130,128,52638.41227
211,711,52681.272123
99,237,52695.942898
136,572,52730.277028
181,140,52738.969829
133,179,52749.982635
263,628,52788.92684
199,297,52806.806606
165,686,52848.812155
183,375,52872.320525
10,15,52873.285094
148,228,52887.520362
246,285,52905.144395
182,644,52944.00019
92,59,52947.657293
257,645,52987.612722
264,509,53018.814757
189,155,53028.359497
3,8,53028.84375
4,7,53029.26022
139,240,53043.715111
200,443,53071.159949
149,156,53080.893884
7,16,53081.904085
167,94,53087.718033
150,601,53125.084122
313,438,53151.716017
97,128,53159.843676
139,203,53172.803909
189,157,53182.351365
297,229,53196.601789
95,296,53215.022743
249,446,53242.5977
9,18,53243.756234
174,979,53304.084274
8,21,53305.31776
175,1358,53388.412269
152,442,53416.010769
115,318,53435.612935
2,14,53436.505278
189,154,53445.801367
299,515,53477.136765
270,573,53512.488536
165,178,53523.587491
9,14,53524.463373
88,52,53527.691009
135,158,53537.73823
8,15,53538.712969
236,436,53566.14093
190,263,53582.975641
135,187,53594.806036
161,148,53604.153722
200,528,53636.859622
183,129,53644.75905
185,125,53652.492854
5,10,53653.119993
266,254,53669.120933
267,570,53704.869347
8,15,53705.79437
309,239,53720.263983
42,100,53726.365469
135,218,53739.914332
249,457,53768.166763
252,487,53798.234903
135,256,53813.850173
4,9,53814.413292
262,305,53832.993724
131,149,53842.184271
129,134,53850.5417
10,17,53851.58424
205,321,53871.412931
92,71,53875.880129
198,379,53899.206745
202,257,53915.294003
91,105,53921.665991
200,392,53945.783127
253,484,53975.55003
5,10,53976.176182
137,178,53987.312955
222,753,54032.735828
132,241,54047.489769
7,14,54048.32046
211,506,54078.793115
217,383,54102.321952
129,416,54127.479909
136,251,54142.700821
122,351,54164.520158
233,329,54184.541634
250,381,54208.138111
234,250,54223.380722
234,193,54235.385956
199,317,54255.091469
138,363,54277.314492
4,17,54278.337555
126,577,54307.021543
122,672,54328.058759
1,8,54328.325241
141,163,54333.180604
201,481,54347.955138
265,290,54356.815331
301,598,54375.097511
135,1075,54408.278758
87,293,54417.242257
232,227,54424.31057
2,15,54424.803444
112,124,54428.617632
145,149,54433.345972
114,218,54439.836685
252,203,54446.065352
146,267,54454.324805
140,165,54459.516376
221,594,54477.741113
221,1202,54514.365864
83,69,54516.44639
191,115,54520.098714
86,44,54521.418029
1,5,54521.571158
217,582,54539.535305
230,951,54568.753405
196,824,54593.640768
2,10,54593.934961
92,44,54595.216117
187,431,54608.429203
272,631,54627.488197
92,54,54629.207916
258,256,54637.046736
94,70,54639.335096
3,12,54639.738787
77,46,54641.24305
132,578,54659.116883
87,46,54660.590982
148,696,54682.127241
94,48,54683.533087
135,152,54688.064628
200,284,54696.852651
200,643,54716.35493
9,16,54716.842469
259,699,54737.584544
187,108,54740.808659
264,754,54763.291581
196,223,54770.107549
96,172,54775.251165
158,272,54783.527556
144,142,54787.817588
144,192,54793.932355
79,37,54795.161025
88,62,54797.223604
187,142,54801.658252
211,319,54811.292215
137,92,54814.192652
257,803,54838.473351
232,323,54848.023508
208,415,54860.714271
256,288,54869.542389
101,154,54874.285285
2,7,54874.51691
2,12,54874.915015
3,9,54875.216272
95,86,54877.931319
137,147,54882.489632
89,62,54884.39744
232,267,54892.740446
220,328,54902.847096
143,167,54908.029004
135,149,54912.754952
89,315,54922.570203
94,46,54924.043931
1,9,54924.343492
262,370,54935.679784
212,590,54953.843662
266,961,54982.925929
136,680,55003.644333
187,146,55008.049505
219,1073,55074.257314
271,821,55191.823366
83,68,55195.93805
87,60,55199.48094
182,152,55208.637462
135,339,55229.52229
90,115,55236.615724
135,168,55246.827754
260,564,55281.444908
87,65,55285.342439
6,18,55286.457588
7,16,55287.415597
188,509,55318.879349
8,13,55319.746877
5,18,55320.823738
262,485,55349.789055
260,915,55405.821875
304,432,55432.729216
93,130,55440.675171
7,14,55441.535877
200,395,55465.371371
74,87,55470.596962
135,159,55480.149849
217,539,55512.771999
184,112,55519.543047
8,21,55520.779885
188,308,55539.654237
184,316,55559.054196
8,23,55560.417632
268,668,55600.753798
5,18,55601.846726
88,85,55607.059544
91,51,55610.166874
185,130,55617.970212
171,127,55625.723758
93,65,55629.793071
154,645,55669.453701
215,1243,55745.197551
262,308,55763.766242
219,348,55784.801481
185,219,55798.307673
188,604,55835.622742
233,1044,55899.171909
151,181,55909.968231
137,119,55917.17917
256,333,55937.421315
118,503,55968.117479
10,19,55969.251222
222,479,55998.405576
8,19,55999.520745
35,93,56005.243975
72,58,56008.686897
77,50,56011.708142
267,373,56034.589311
275,590,56070.895368
142,277,56087.870817
259,468,56116.772673
138,174,56127.492098
135,168,56137.812593
222,416,56163.400304
207,402,56187.997348
219,502,56218.888794
139,116,56225.99198
283,1024,56288.25969
261,499,56319.81853
197,204,56332.22809
171,128,56340.288745
176,212,56353.102114
270,525,56382.007979
263,316,56399.73397
6,12,56400.403855
157,392,56422.378221
269,317,56440.568415
2,7,56440.984364
313,355,56461.407956
103,235,56474.720165
137,154,56483.761793
144,1143,56552.82875
135,167,56562.842712
136,139,56571.367523
21,159,56580.868945
263,276,56597.483936
263,293,56615.791211
187,254,56631.06845
189,183,56642.102275
138,374,56664.791618
168,458,56692.751691
317,593,56729.023459
267,383,56752.293009
7,14,56753.15111
3,10,56753.784853
312,522,56785.520408
264,512,56816.981288
2,9,56817.497968
137,218,56830.936357
268,503,56861.292239
190,251,56876.820745
87,97,56882.831386
94,100,56889.053549
92,250,56904.248661
140,400,56928.988364
188,245,56943.893209
94,69,56948.024545
137,149,56957.216974
196,757,57003.145364
79,78,57007.905874
7,16,57008.937809
136,429,57035.356953
164,664,57076.225879
93,404,57101.24773
139,278,57118.462051
8,11,57119.165543
86,41,57121.670511
92,56,57125.071127
187,214,57138.050056
87,106,57144.541838
11,24,57146.056154
94,157,57155.600734
191,317,57174.984078
139,399,57199.230911
143,276,57216.517665
315,487,57245.882632
217,597,57282.329034
5,23,57283.725334
94,92,57289.362816
188,795,57338.928665
310,415,57363.604322
138,262,57379.346416
129,245,57394.147465
143,724,57438.869861
195,544,57472.436249
1,14,57473.381698
129,193,57485.232039
149,615,57522.489656
90,77,57527.086365
2,11,57527.74792
136,178,57538.307893
91,59,57541.912496
5,14,57542.75987
86,103,57548.910001
7,22,57550.177591
186,166,57560.025665
135,251,57575.42963
92,55,57578.818989
94,69,57583.200824
5,14,57584.100514
6,13,57584.860384
82,52,57587.915487
137,175,57598.790622
88,80,57603.553375
9,16,57604.494736
151,147,57613.354537
92,93,57619.052315
153,409,57643.558382
118,196,57655.510013
125,173,57666.14429
145,262,57681.679776
90,73,57686.09895
171,234,57700.36114
273,402,57724.335799
9,16,57725.285572
161,1888,57839.10798
10,33,57841.037963
10,13,57841.803233
167,98,57847.692584
194,135,57856.101849
273,599,57892.171433
18,472,57921.044086
135,578,57956.480599
1,36,57958.703689
4,9,57959.237549
138,173,57969.782209
263,253,57985.115594
110,666,58025.727598
187,170,58036.520045
265,412,58062.160319
258,358,58084.055096
104,214,58097.337553
9,48,58100.266259
135,141,58108.958973
156,588,58145.117669
137,334,58165.617695
182,585,58201.621592
268,566,58235.731306
176,131,58243.567412
160,1270,58319.878495
155,389,58343.733709
206,607,58380.328323
13,500,58411.115897
160,592,58446.926904
209,340,58467.523094
153,389,58491.158803
206,255,58506.736763
264,304,58524.680735
96,54,58527.951006
5,12,58528.671299
3,10,58529.29953
7,12,58530.000162
97,76,58534.485178
144,230,58548.281824
271,348,58569.107204
177,98,58575.15103
154,541,58608.072796
211,275,58624.688465
248,362,58646.804533
176,203,58659.29361
161,134,58667.424715
9,15,58668.330485
135,147,58677.422152
117,163,58687.506966
247,420,58713.602473
89,204,58726.194536
137,183,58737.883165
141,244,58752.40525
247,260,58767.969898
312,213,58781.084903
217,312,58799.697532
6,12,58800.414909
1,74,58804.771542
84,62,58808.580305
153,180,58819.364353
10,17,58820.376692
199,204,58832.686724
189,134,58840.826443
91,66,58845.074869
138,152,58854.308654
259,457,58882.145675
265,230,58896.309648
153,329,58916.392352
2,13,58917.217281
82,46,58920.013184
136,234,58934.274712
306,304,58952.997971
7,16,58953.982267
8,21,58955.271632
159,113,58962.32333
9,14,58963.180801
212,1250,59039.44371
87,43,59042.027464
166,102,59048.391359
304,271,59065.194151
153,166,59075.235951
154,459,59103.138555
135,155,59112.323962
82,131,59120.511837
200,279,59137.505313
138,168,59147.992755
203,504,59178.857363
137,147,59188.084871
314,489,59219.230503
153,227,59233.091273
138,163,59242.992627
192,763,59289.199481
163,2908,59467.558309
280,1120,59535.801311
176,204,59548.787395
2,10,59549.452193
2,8,59549.919419
6,19,59551.024296
143,273,59567.469732
3,10,59568.083601
207,786,59616.44031
5,19,59617.573645
113,223,59631.211569
90,188,59642.720922
215,916,59699.22827
273,830,59750.294414
83,62,59753.996391
92,52,59757.116094
191,284,59774.115576
4,11,59774.756708
149,551,59806.337304
190,191,59816.112795
143,557,59844.200176
174,103,59849.547412
268,814,59891.061296
189,127,59898.959502
234,638,59938.104416
268,358,59960.069332
270,258,59975.932825
129,336,59996.624585
225,403,60021.016562
240,314,60040.072153
88,62,60043.896257
313,488,60074.0284
185,182,60084.938684
92,104,60091.318055
2,9,60091.874377
185,121,60099.251769
11,20,60100.504077
7,20,60101.699861
263,321,60121.88952
213,322,60141.565649
124,117,60148.618471
7,10,60149.20234
180,479,60178.421314
5,16,60179.42749
140,104,60185.778479
137,129,60193.812099
141,312,60213.053502
137,544,60246.300642
192,460,60274.455922
201,919,60330.679324
2,16,60331.666725
215,356,60353.356739
262,623,60390.673539
76,406,60414.924646
180,194,60426.579237
234,226,60439.993164
201,1077,60504.863594
139,248,60519.806532
275,634,60557.934962
8,37,60560.278617
203,386,60583.996291
278,323,60603.651161
10,17,60604.674212
2,11,60605.330313
211,703,60648.289546
253,258,60664.113459
5,14,60664.979791
232,232,60679.150408
85,354,60701.029537
261,256,60716.566535
263,408,60741.674949
242,1107,60809.417453
185,141,60818.503124
92,45,60821.353767
258,336,60841.815254
184,181,60853.027171
169,87,60858.554178
267,334,60879.360173
217,513,60909.993355
219,452,60936.816798
263,230,60950.576929
167,642,60988.586454
136,206,61000.917827
136,131,61008.823974
137,153,61018.185342
82,135,61026.225751
102,172,61036.63837
135,150,61046.280753
231,1124,61114.910179
3,11,61115.590761
262,226,61129.112293
185,377,61151.776549
185,141,61160.317733
168,85,61165.482184
133,932,61221.322786
